<?xml version="1.0" encoding="UTF-8"?>

<configuration scan="true">
    <include resource="org/springframework/boot/logging/logback/defaults.xml"/>
    <timestamp key="BY_DATE" datePattern="yyyy-MM-dd"/>

    <springProperty scope="context" name="LOG_DIR" source="logging.directory"/>

    <appender name="CONSOLE" class="ch.qos.logback.core.ConsoleAppender">
        <encoder>
            <pattern>${CONSOLE_LOG_PATTERN}</pattern>
            <charset>utf8</charset>
        </encoder>
    </appender>

    <appender name="FILE-ERROR" class="ch.qos.logback.core.rolling.RollingFileAppender">
        <file>./log/error/${BY_DATE}.log</file>
        <filter class="ch.qos.logback.classic.filter.LevelFilter">
            <level>ERROR</level>
            <onMatch>ACCEPT</onMatch>
            <onMismatch>DENY</onMismatch>
        </filter>
        <layout class="ch.qos.logback.classic.PatternLayout">
            <Pattern>
                ${PID:-} --- [%15.15thread] %-40.40logger{36} %msg%n%n
                [%X{REQUEST_ID:-NO REQUEST ID}] %msg%n
                [REQUEST_ID] : %X{REQUEST_ID:-NO REQUEST ID}%n
                [REQUEST_METHOD] : %X{REQUEST_METHOD:-NO REQUEST METHOD}%n
                [REQUEST_URI] : %X{REQUEST_URI:-NO REQUEST URI}%n
                [REQUEST_TIME] : %d{yyyy-MM-dd HH:mm:ss.SSS}%n
                [REQUEST_IP] : %X{REQUEST_IP:-NO REQUEST IP}%n
            </Pattern>
            <charset>utf8</charset>
        </layout>
        <rollingPolicy class="ch.qos.logback.core.rolling.SizeAndTimeBasedRollingPolicy">
            <fileNamePattern>./log/backup/error/%d{yyyy-MM-dd}.%i.log</fileNamePattern>
            <maxFileSize>100MB</maxFileSize>
            <maxHistory>10</maxHistory>
            <totalSizeCap>1GB</totalSizeCap>
        </rollingPolicy>
    </appender>

    <appender name="FILE-WARN" class="ch.qos.logback.core.rolling.RollingFileAppender">
        <file>./log/warn/${BY_DATE}.log</file>
        <filter class="ch.qos.logback.classic.filter.LevelFilter">
            <level>WARN</level>
            <onMatch>ACCEPT</onMatch>
            <onMismatch>DENY</onMismatch>
        </filter>
        <encoder>
            <Pattern>
                %msg%n
                [REQUEST_ID] : [%X{REQUEST_ID:-NO REQUEST ID}]%n
                [REQUEST_METHOD] : %X{REQUEST_METHOD:-NO REQUEST METHOD}%n
                [REQUEST_URI] : %X{REQUEST_URI:-NO REQUEST URI}%n
                [REQUEST_TIME] : %d{yyyy-MM-dd HH:mm:ss.SSS}%n
                [REQUEST_IP] : %X{REQUEST_IP:-NO REQUEST IP}%n
            </Pattern>
            <charset>utf8</charset>
        </encoder>
        <rollingPolicy class="ch.qos.logback.core.rolling.SizeAndTimeBasedRollingPolicy">
            <fileNamePattern>./log/backup/warn/%d{yyyy-MM-dd}.%i.log</fileNamePattern>
            <maxFileSize>100MB</maxFileSize>
            <maxHistory>10</maxHistory>
            <totalSizeCap>1GB</totalSizeCap>
        </rollingPolicy>
    </appender>

    <root level="INFO">
        <appender-ref ref="FILE-ERROR"/>
        <appender-ref ref="FILE-WARN"/>
        <appender-ref ref="CONSOLE"/>
    </root>

</configuration>